Year	Format2	Format	Units	Revenue	CPI Adjustment
2025	Digital Downloads	Download Album		$110,951,310	$110,951,310
2025	Digital Downloads	Download Music Video		$0	$0
2025	Digital Downloads	Download Single		$110,813,719	$110,813,719
2025	Digital Downloads	Kiosk		$1,281,891	$1,281,891
2025	Digital Downloads	Other Digital		$45,439,301	$45,439,301
2025	Digital Downloads	Ringtones & Ringbacks		$4,162,301	$4,162,301
2025	Digital Downloads	Total		$272,648,523	$272,648,523
2025	Physical	8 - Track		$0	$0
2025	Physical	Cassette		$0	$0
2025	Physical	Cassette Single		$0	$0
2025	Physical	CD		$312,381,088	$312,381,088
2025	Physical	CD Single		$0	$0
2025	Physical	DVD Audio		$0	$0
2025	Physical	LP/EP		$1,042,866,521	$1,042,866,521
2025	Physical	Music Video (Physical)		$0	$0
2025	Physical	Other Physical		$10,554,236	$10,554,236
2025	Physical	Other Tapes		$0	$0
2025	Physical	SACD		$0	$0
2025	Physical	Vinyl Single		$15,224,417	$15,224,417
2025	Physical	Total		$1,381,026,262	$1,381,026,262
2025	Streaming	Free Streaming		$1,789,272,032	$1,789,272,032
2025	Streaming	Other Streaming		$1,308,963,600	$1,308,963,600
2025	Streaming	Paid Subscriptions (Non-Premium)		$495,210,366	$495,210,366
2025	Streaming	Paid Subscriptions (Premium)		$5,881,064,635	$5,881,064,635
2025	Streaming	Total		$9,474,510,633	$9,474,510,633
2025	Synchronization	Synchronization		$407,112,273	$407,112,273
2025	Synchronization	Total		$407,112,273	$407,112,273
2025	Total	Total		$11,535,297,690	$11,535,297,690
2024	Digital Downloads	Download Album		$122,252,874	$125,469,675
2024	Digital Downloads	Download Music Video		$0	$0
2024	Digital Downloads	Download Single		$113,320,213	$116,301,972
2024	Digital Downloads	Kiosk		$1,206,431	$1,238,176
2024	Digital Downloads	Other Digital		$33,780,046	$34,668,890
2024	Digital Downloads	Ringtones & Ringbacks		$4,204,963	$4,315,606
2024	Digital Downloads	Total		$274,764,527	$281,994,319
2024	Physical	8 - Track		$0	$0
2024	Physical	Cassette		$0	$0
2024	Physical	Cassette Single		$0	$0
2024	Physical	CD		$338,947,565	$347,866,186
2024	Physical	CD Single		$0	$0
2024	Physical	DVD Audio		$0	$0
2024	Physical	LP/EP		$954,439,218	$979,553,077
2024	Physical	Music Video (Physical)		$0	$0
2024	Physical	Other Physical		$14,734,880	$15,122,594
2024	Physical	Other Tapes		$0	$0
2024	Physical	SACD		$0	$0
2024	Physical	Vinyl Single		$7,395,288	$7,589,878
2024	Physical	Total		$1,315,516,951	$1,350,131,734
2024	Streaming	Free Streaming		$1,799,537,356	$1,846,888,017
2024	Streaming	Other Streaming		$1,360,492,365	$1,396,290,573
2024	Streaming	Paid Subscriptions (Non-Premium)		$518,709,229	$532,357,862
2024	Streaming	Paid Subscriptions (Premium)		$5,506,459,112	$5,651,348,838
2024	Streaming	Total		$9,185,198,063	$9,426,885,290
2024	Synchronization	Synchronization		$412,632,726	$423,490,201
2024	Synchronization	Total		$412,632,726	$423,490,201
2024	Total	Total		$11,188,112,265	$11,482,501,545
2023	Digital Downloads	Download Album		$146,575,306	$154,868,999
2023	Digital Downloads	Download Music Video		$0	$0
2023	Digital Downloads	Download Single		$132,808,476	$140,323,198
2023	Digital Downloads	Kiosk		$1,468,323	$1,551,405
2023	Digital Downloads	Other Digital		$26,506,389	$28,006,204
2023	Digital Downloads	Ringtones & Ringbacks		$4,885,972	$5,162,436
2023	Digital Downloads	Total		$312,244,466	$329,912,242
2023	Physical	8 - Track		$0	$0
2023	Physical	Cassette		$0	$0
2023	Physical	Cassette Single		$0	$0
2023	Physical	CD		$344,574,351	$364,071,454
2023	Physical	CD Single		$0	$0
2023	Physical	DVD Audio		$0	$0
2023	Physical	LP/EP		$906,179,816	$957,454,327
2023	Physical	Music Video (Physical)		$0	$0
2023	Physical	Other Physical		$9,573,272	$10,114,957
2023	Physical	Other Tapes		$0	$0
2023	Physical	SACD		$0	$0
2023	Physical	Vinyl Single		$6,133,198	$6,480,233
2023	Physical	Total		$1,266,460,636	$1,338,120,972
2023	Streaming	Free Streaming		$1,864,534,490	$1,970,035,731
2023	Streaming	Other Streaming		$1,322,477,745	$1,397,307,706
2023	Streaming	Paid Subscriptions (Non-Premium)		$538,122,675	$568,571,353
2023	Streaming	Paid Subscriptions (Premium)		$5,277,833,466	$5,576,469,927
2023	Streaming	Total		$9,002,968,376	$9,512,384,716
2023	Synchronization	Synchronization		$402,460,346	$425,232,821
2023	Synchronization	Total		$402,460,346	$425,232,821
2023	Total	Total		$10,984,133,823	$11,605,650,752
2022	Digital Downloads	Download Album		$167,102,389	$183,825,475
2022	Digital Downloads	Download Music Video		$1,393,940	$1,533,441
2022	Digital Downloads	Download Single		$152,885,215	$168,185,491
2022	Digital Downloads	Kiosk		$162,628	$178,903
2022	Digital Downloads	Other Digital		$25,914,613	$28,508,067
2022	Digital Downloads	Ringtones & Ringbacks		$4,838,022	$5,322,196
2022	Digital Downloads	Total		$352,296,807	$387,553,573
2022	Physical	8 - Track		$0	$0
2022	Physical	Cassette		$0	$0
2022	Physical	Cassette Single		$0	$0
2022	Physical	CD		$270,152,708	$297,188,749
2022	Physical	CD Single		$4,322,556	$4,755,144
2022	Physical	DVD Audio		$40,736	$44,813
2022	Physical	LP/EP		$799,810,167	$879,852,675
2022	Physical	Music Video (Physical)		$7,755,230	$8,531,349
2022	Physical	Other Physical		$0	$0
2022	Physical	Other Tapes		$0	$0
2022	Physical	SACD		$82,310	$90,547
2022	Physical	Vinyl Single		$3,777,913	$4,155,995
2022	Physical	Total		$1,085,941,621	$1,194,619,273
2022	Streaming	Free Streaming		$1,822,134,523	$2,004,488,065
2022	Streaming	Other Streaming		$1,220,882,777	$1,343,064,919
2022	Streaming	Paid Subscriptions (Non-Premium)		$570,477,823	$627,569,465
2022	Streaming	Paid Subscriptions (Premium)		$4,864,877,928	$5,351,739,744
2022	Streaming	Total		$8,478,373,051	$9,326,862,194
2022	Synchronization	Synchronization		$382,500,721	$420,780,201
2022	Synchronization	Total		$382,500,721	$420,780,201
2022	Total	Total		$10,299,112,200	$11,329,815,240
2021	Digital Downloads	Download Album		$218,353,140	$259,428,220
2021	Digital Downloads	Download Music Video		$1,880,406	$2,234,135
2021	Digital Downloads	Download Single		$191,364,449	$227,362,604
2021	Digital Downloads	Kiosk		$433,244	$514,743
2021	Digital Downloads	Other Digital		$31,104,152	$36,955,250
2021	Digital Downloads	Ringtones & Ringbacks		$6,861,962	$8,152,787
2021	Digital Downloads	Total		$449,997,353	$534,647,739
2021	Physical	8 - Track		$0	$0
2021	Physical	Cassette		$0	$0
2021	Physical	Cassette Single		$0	$0
2021	Physical	CD		$337,440,259	$400,917,184
2021	Physical	CD Single		$44,104	$52,401
2021	Physical	DVD Audio		$3,192,148	$3,792,633
2021	Physical	LP/EP		$679,411,527	$807,217,719
2021	Physical	Music Video (Physical)		$10,915,706	$12,969,093
2021	Physical	Other Physical		$0	$0
2021	Physical	Other Tapes		$0	$0
2021	Physical	SACD		$111,198	$132,116
2021	Physical	Vinyl Single		$5,055,512	$6,006,520
2021	Physical	Total		$1,036,170,454	$1,231,087,665
2021	Streaming	Free Streaming		$1,733,405,320	$2,059,481,525
2021	Streaming	Other Streaming		$1,195,999,034	$1,420,982,090
2021	Streaming	Paid Subscriptions (Non-Premium)		$491,390,895	$583,827,948
2021	Streaming	Paid Subscriptions (Premium)		$4,623,927,488	$5,493,748,708
2021	Streaming	Total		$8,044,722,738	$9,558,040,271
2021	Synchronization	Synchronization		$306,526,161	$364,187,740
2021	Synchronization	Total		$306,526,161	$364,187,740
2021	Total	Total		$9,837,416,705	$11,687,963,414
2020	Digital Downloads	Download Album		$230,702,922	$286,978,493
2020	Digital Downloads	Download Music Video		$1,961,747	$2,440,277
2020	Digital Downloads	Download Single		$222,936,024	$277,317,009
2020	Digital Downloads	Kiosk		$806,000	$1,002,608
2020	Digital Downloads	Other Digital		$18,890,264	$23,498,183
2020	Digital Downloads	Ringtones & Ringbacks		$8,833,193	$10,987,882
2020	Digital Downloads	Total		$484,130,150	$602,224,453
2020	Physical	8 - Track		$0	$0
2020	Physical	Cassette		$0	$0
2020	Physical	Cassette Single		$0	$0
2020	Physical	CD		$274,378,026	$341,307,305
2020	Physical	CD Single		$269,570	$335,326
2020	Physical	DVD Audio		$1,021,603	$1,270,803
2020	Physical	LP/EP		$426,825,331	$530,941,217
2020	Physical	Music Video (Physical)		$15,755,097	$19,598,252
2020	Physical	Other Physical		$0	$0
2020	Physical	Other Tapes		$0	$0
2020	Physical	SACD		$133,452	$166,006
2020	Physical	Vinyl Single		$4,021,180	$5,002,070
2020	Physical	Total		$722,404,259	$898,620,980
2020	Streaming	Free Streaming		$1,196,598,336	$1,488,485,644
2020	Streaming	Other Streaming		$1,158,647,615	$1,441,277,570
2020	Streaming	Paid Subscriptions (Non-Premium)		$402,527,530	$500,716,433
2020	Streaming	Paid Subscriptions (Premium)		$3,823,665,917	$4,756,376,183
2020	Streaming	Total		$6,581,439,398	$8,186,855,829
2020	Synchronization	Synchronization		$265,236,067	$329,935,339
2020	Synchronization	Total		$265,236,067	$329,935,339
2020	Total	Total		$8,053,209,874	$10,017,636,601
2019	Digital Downloads	Download Album		$264,871,798	$333,546,984
2019	Digital Downloads	Download Music Video		$2,012,476	$2,534,265
2019	Digital Downloads	Download Single		$273,738,840	$344,713,047
2019	Digital Downloads	Kiosk		$1,126,346	$1,418,382
2019	Digital Downloads	Other Digital		$21,512,454	$27,090,140
2019	Digital Downloads	Ringtones & Ringbacks		$9,330,463	$11,749,638
2019	Digital Downloads	Total		$572,592,377	$721,052,455
2019	Physical	8 - Track		$0	$0
2019	Physical	Cassette		$0	$0
2019	Physical	Cassette Single		$0	$0
2019	Physical	CD		$351,782,325	$442,991,418
2019	Physical	CD Single		$34,583	$43,549
2019	Physical	DVD Audio		$710,942	$895,272
2019	Physical	LP/EP		$321,552,523	$404,923,722
2019	Physical	Music Video (Physical)		$15,212,708	$19,157,014
2019	Physical	Other Physical		$0	$0
2019	Physical	Other Tapes		$0	$0
2019	Physical	SACD		$245,003	$308,527
2019	Physical	Vinyl Single		$4,291,317	$5,403,957
2019	Physical	Total		$693,829,400	$873,723,460
2019	Streaming	Free Streaming		$1,006,594,360	$1,267,581,205
2019	Streaming	Other Streaming		$1,115,499,438	$1,404,722,873
2019	Streaming	Paid Subscriptions (Non-Premium)		$357,541,584	$450,243,922
2019	Streaming	Paid Subscriptions (Premium)		$3,341,021,928	$4,207,272,331
2019	Streaming	Total		$5,820,657,310	$7,329,820,331
2019	Synchronization	Synchronization		$281,112,736	$353,998,825
2019	Synchronization	Total		$281,112,736	$353,998,825
2019	Total	Total		$7,368,191,823	$9,278,595,071
2018	Digital Downloads	Download Album		$347,179,725	$445,117,349
2018	Digital Downloads	Download Music Video		$2,250,112	$2,884,857
2018	Digital Downloads	Download Single		$353,236,560	$452,882,787
2018	Digital Downloads	Kiosk		$1,395,793	$1,789,539
2018	Digital Downloads	Other Digital		$19,839,575	$25,436,217
2018	Digital Downloads	Ringtones & Ringbacks		$11,365,048	$14,571,069
2018	Digital Downloads	Total		$735,266,812	$942,681,818
2018	Physical	8 - Track		$0	$0
2018	Physical	Cassette		$0	$0
2018	Physical	Cassette Single		$0	$0
2018	Physical	CD		$372,059,223	$477,015,227
2018	Physical	CD Single		$9,113	$11,683
2018	Physical	DVD Audio		$183,888	$235,762
2018	Physical	LP/EP		$268,438,667	$344,163,842
2018	Physical	Music Video (Physical)		$16,163,914	$20,723,671
2018	Physical	Other Physical		$0	$0
2018	Physical	Other Tapes		$0	$0
2018	Physical	SACD		$499,374	$640,245
2018	Physical	Vinyl Single		$3,453,902	$4,428,230
2018	Physical	Total		$660,808,082	$847,218,661
2018	Streaming	Free Streaming		$752,689,023	$965,018,746
2018	Streaming	Other Streaming		$1,160,976,851	$1,488,482,480
2018	Streaming	Paid Subscriptions (Non-Premium)		$416,736,240	$534,295,402
2018	Streaming	Paid Subscriptions (Premium)		$2,537,710,176	$3,253,585,234
2018	Streaming	Total		$4,868,112,291	$6,241,381,862
2018	Synchronization	Synchronization		$285,513,491	$366,055,387
2018	Synchronization	Total		$285,513,491	$366,055,387
2018	Total	Total		$6,549,700,676	$8,397,337,728
2017	Digital Downloads	Download Album		$444,747,622	$584,135,867
2017	Digital Downloads	Download Music Video		$2,403,764	$3,157,127
2017	Digital Downloads	Download Single		$473,267,978	$621,594,780
2017	Digital Downloads	Kiosk		$1,570,318	$2,062,471
2017	Digital Downloads	Other Digital		$16,885,110	$22,177,068
2017	Digital Downloads	Ringtones & Ringbacks		$15,227,805	$20,000,347
2017	Digital Downloads	Total		$954,102,596	$1,253,127,660
2017	Physical	8 - Track		$0	$0
2017	Physical	Cassette		$0	$0
2017	Physical	Cassette Single		$0	$0
2017	Physical	CD		$574,743,925	$754,874,280
2017	Physical	CD Single		$117,097	$153,797
2017	Physical	DVD Audio		$169,721	$222,913
2017	Physical	LP/EP		$245,934,247	$323,012,440
2017	Physical	Music Video (Physical)		$20,883,121	$27,428,095
2017	Physical	Other Physical		$0	$0
2017	Physical	Other Tapes		$0	$0
2017	Physical	SACD		$501,479	$658,648
2017	Physical	Vinyl Single		$3,763,782	$4,943,388
2017	Physical	Total		$846,113,373	$1,111,293,560
2017	Streaming	Free Streaming		$614,264,328	$806,780,762
2017	Streaming	Other Streaming		$875,932,980	$1,150,458,923
2017	Streaming	Paid Subscriptions (Non-Premium)		$323,807,691	$425,292,181
2017	Streaming	Paid Subscriptions (Premium)		$1,847,868,495	$2,427,008,513
2017	Streaming	Total		$3,661,873,492	$4,809,540,379
2017	Synchronization	Synchronization		$232,086,523	$304,824,704
2017	Synchronization	Total		$232,086,523	$304,824,704
2017	Total	Total		$5,694,175,984	$7,478,786,303
2016	Digital Downloads	Download Album		$597,392,965	$801,336,975
2016	Digital Downloads	Download Music Video		$3,488,510	$4,679,453
2016	Digital Downloads	Download Single		$647,648,949	$868,749,852
2016	Digital Downloads	Kiosk		$2,015,979	$2,704,214
2016	Digital Downloads	Other Digital		$17,141,663	$22,993,656
2016	Digital Downloads	Ringtones & Ringbacks		$23,630,271	$31,697,410
2016	Digital Downloads	Total		$1,291,318,338	$1,732,161,561
2016	Physical	8 - Track		$0	$0
2016	Physical	Cassette		$0	$0
2016	Physical	Cassette Single		$0	$0
2016	Physical	CD		$635,936,005	$853,038,225
2016	Physical	CD Single		$48,662	$65,274
2016	Physical	DVD Audio		$1,535,810	$2,060,121
2016	Physical	LP/EP		$224,912,665	$301,695,609
2016	Physical	Music Video (Physical)		$30,165,198	$40,463,296
2016	Physical	Other Physical		$0	$0
2016	Physical	Other Tapes		$0	$0
2016	Physical	SACD		$719,295	$964,854
2016	Physical	Vinyl Single		$2,951,271	$3,958,805
2016	Physical	Total		$896,268,905	$1,202,246,185
2016	Streaming	Free Streaming		$476,792,473	$639,564,675
2016	Streaming	Other Streaming		$954,535,184	$1,280,403,992
2016	Streaming	Paid Subscriptions (Non-Premium)		$153,792,919	$206,296,291
2016	Streaming	Paid Subscriptions (Premium)		$1,202,543,213	$1,613,079,492
2016	Streaming	Total		$2,787,663,789	$3,739,344,450
2016	Synchronization	Synchronization		$214,838,977	$288,182,864
2016	Synchronization	Total		$214,838,977	$288,182,864
2016	Total	Total		$5,190,090,009	$6,961,935,059
2015	Digital Downloads	Download Album		$747,152,685	$1,014,866,347
2015	Digital Downloads	Download Music Video		$3,368,203	$4,575,071
2015	Digital Downloads	Download Single		$870,077,085	$1,181,836,016
2015	Digital Downloads	Kiosk		$2,477,858	$3,365,704
2015	Digital Downloads	Other Digital		$0	$0
2015	Digital Downloads	Ringtones & Ringbacks		$24,773,081	$33,649,569
2015	Digital Downloads	Total		$1,647,848,913	$2,238,292,707
2015	Physical	8 - Track		$0	$0
2015	Physical	Cassette		$0	$0
2015	Physical	Cassette Single		$0	$0
2015	Physical	CD		$844,751,348	$1,147,435,767
2015	Physical	CD Single		$501,950	$681,805
2015	Physical	DVD Audio		$3,109,509	$4,223,682
2015	Physical	LP/EP		$209,912,159	$285,126,173
2015	Physical	Music Video (Physical)		$35,353,263	$48,020,757
2015	Physical	Other Physical		$0	$0
2015	Physical	Other Tapes		$0	$0
2015	Physical	SACD		$624,666	$848,492
2015	Physical	Vinyl Single		$3,333,189	$4,527,511
2015	Physical	Total		$1,097,586,085	$1,490,864,187
2015	Streaming	Free Streaming		$371,990,396	$505,278,964
2015	Streaming	Other Streaming		$802,600,000	$1,090,181,092
2015	Streaming	Paid Subscriptions (Non-Premium)		$0	$0
2015	Streaming	Paid Subscriptions (Premium)		$636,189,686	$864,143,989
2015	Streaming	Total		$1,810,780,082	$2,459,604,045
2015	Synchronization	Synchronization		$202,934,888	$275,648,863
2015	Synchronization	Total		$202,934,888	$275,648,863
2015	Total	Total		$4,759,149,968	$6,464,409,802
2014	Digital Downloads	Download Album		$801,794,299	$1,090,379,418
2014	Digital Downloads	Download Music Video		$9,731,821	$13,234,538
2014	Digital Downloads	Download Single		$1,008,886,312	$1,372,008,844
2014	Digital Downloads	Kiosk		$1,723,700	$2,344,102
2014	Digital Downloads	Other Digital		$0	$0
2014	Digital Downloads	Ringtones & Ringbacks		$29,581,483	$40,228,573
2014	Digital Downloads	Total		$1,851,717,614	$2,518,195,474
2014	Physical	8 - Track		$0	$0
2014	Physical	Cassette		$0	$0
2014	Physical	Cassette Single		$0	$0
2014	Physical	CD		$1,022,612,984	$1,390,676,077
2014	Physical	CD Single		$1,938,438	$2,636,129
2014	Physical	DVD Audio		$1,266,825	$1,722,786
2014	Physical	LP/EP		$153,387,706	$208,595,643
2014	Physical	Music Video (Physical)		$42,521,194	$57,825,598
2014	Physical	Other Physical		$0	$0
2014	Physical	Other Tapes		$0	$0
2014	Physical	SACD		$399,115	$542,766
2014	Physical	Vinyl Single		$3,153,021	$4,287,869
2014	Physical	Total		$1,225,279,283	$1,666,286,869
2014	Streaming	Free Streaming		$283,793,409	$385,937,507
2014	Streaming	Other Streaming		$773,400,000	$1,051,765,326
2014	Streaming	Paid Subscriptions (Non-Premium)		$0	$0
2014	Streaming	Paid Subscriptions (Premium)		$423,648,807	$576,130,237
2014	Streaming	Total		$1,480,842,216	$2,013,833,070
2014	Synchronization	Synchronization		$189,713,099	$257,995,422
2014	Synchronization	Total		$189,713,099	$257,995,422
2014	Total	Total		$4,747,552,212	$6,456,310,835
2013	Digital Downloads	Download Album		$873,953,652	$1,207,790,538
2013	Digital Downloads	Download Music Video		$12,255,134	$16,936,407
2013	Digital Downloads	Download Single		$1,169,383,543	$1,616,070,116
2013	Digital Downloads	Kiosk		$3,940,198	$5,445,293
2013	Digital Downloads	Other Digital		$0	$0
2013	Digital Downloads	Ringtones & Ringbacks		$45,517,285	$62,904,190
2013	Digital Downloads	Total		$2,105,049,811	$2,909,146,544
2013	Physical	8 - Track		$0	$0
2013	Physical	Cassette		$0	$0
2013	Physical	Cassette Single		$0	$0
2013	Physical	CD		$1,251,560,887	$1,729,637,944
2013	Physical	CD Single		$1,286,324	$1,777,680
2013	Physical	DVD Audio		($258,319)	($356,992)
2013	Physical	LP/EP		$128,454,730	$177,522,466
2013	Physical	Music Video (Physical)		$55,450,884	$76,632,271
2013	Physical	Other Physical		$0	$0
2013	Physical	Other Tapes		$0	$0
2013	Physical	SACD		$533,461	$737,234
2013	Physical	Vinyl Single		$1,763,150	$2,436,646
2013	Physical	Total		$1,438,791,117	$1,988,387,249
2013	Streaming	Free Streaming		$220,873,544	$305,243,850
2013	Streaming	Other Streaming		$590,400,000	$815,923,742
2013	Streaming	Paid Subscriptions (Non-Premium)		$0	$0
2013	Streaming	Paid Subscriptions (Premium)		$321,662,147	$444,532,152
2013	Streaming	Total		$1,132,935,691	$1,565,699,744
2013	Synchronization	Synchronization		$189,679,434	$262,134,068
2013	Synchronization	Total		$189,679,434	$262,134,068
2013	Total	Total		$4,866,456,053	$6,725,367,605
2012	Digital Downloads	Download Album		$850,104,756	$1,192,040,191
2012	Digital Downloads	Download Music Video		$15,322,785	$21,486,029
2012	Digital Downloads	Download Single		$1,206,410,497	$1,691,661,867
2012	Digital Downloads	Kiosk		$2,332,424	$3,270,589
2012	Digital Downloads	Other Digital		$0	$0
2012	Digital Downloads	Ringtones & Ringbacks		$73,828,472	$103,524,307
2012	Digital Downloads	Total		$2,147,998,934	$3,011,982,982
2012	Physical	8 - Track		$0	$0
2012	Physical	Cassette		$0	$0
2012	Physical	Cassette Single		$0	$0
2012	Physical	CD		$1,419,362,117	$1,990,268,465
2012	Physical	CD Single		$1,500,976	$2,104,710
2012	Physical	DVD Audio		$100,107	$140,372
2012	Physical	LP/EP		$97,480,386	$136,689,669
2012	Physical	Music Video (Physical)		$68,732,763	$96,378,964
2012	Physical	Other Physical		$0	$0
2012	Physical	Other Tapes		$0	$0
2012	Physical	SACD		$748,714	$1,049,867
2012	Physical	Vinyl Single		$2,514,109	$3,525,353
2012	Physical	Total		$1,590,439,172	$2,230,157,401
2012	Streaming	Free Streaming		$170,935,408	$239,690,315
2012	Streaming	Other Streaming		$462,000,000	$647,829,063
2012	Streaming	Paid Subscriptions (Non-Premium)		$0	$0
2012	Streaming	Paid Subscriptions (Premium)		$199,941,263	$280,363,120
2012	Streaming	Total		$832,876,672	$1,167,882,498
2012	Synchronization	Synchronization		$190,597,753	$267,261,394
2012	Synchronization	Total		$190,597,753	$267,261,394
2012	Total	Total		$4,761,912,531	$6,677,284,275
2011	Digital Downloads	Download Album		$755,540,644	$1,081,364,377
2011	Digital Downloads	Download Music Video		$23,819,810	$34,092,002
2011	Digital Downloads	Download Single		$1,116,789,568	$1,598,400,384
2011	Digital Downloads	Kiosk		$1,723,435	$2,466,660
2011	Digital Downloads	Other Digital		$0	$0
2011	Digital Downloads	Ringtones & Ringbacks		$139,674,046	$199,907,892
2011	Digital Downloads	Total		$2,037,547,503	$2,916,231,315
2011	Physical	8 - Track		$0	$0
2011	Physical	Cassette		$0	$0
2011	Physical	Cassette Single		$0	$0
2011	Physical	CD		$1,770,594,661	$2,534,156,180
2011	Physical	CD Single		$1,628,920	$2,331,384
2011	Physical	DVD Audio		$164,014	$234,744
2011	Physical	LP/EP		$72,417,475	$103,647,207
2011	Physical	Music Video (Physical)		$89,000,274	$127,381,269
2011	Physical	Other Physical		$0	$0
2011	Physical	Other Tapes		$0	$0
2011	Physical	SACD		$836,552	$1,197,311
2011	Physical	Vinyl Single		$2,438,281	$3,489,779
2011	Physical	Total		$1,937,080,176	$2,772,437,875
2011	Streaming	Free Streaming		$113,800,000	$162,875,773
2011	Streaming	Other Streaming		$292,000,000	$417,923,775
2011	Streaming	Paid Subscriptions (Non-Premium)		$0	$0
2011	Streaming	Paid Subscriptions (Premium)		$123,899,998	$177,331,353
2011	Streaming	Total		$529,699,998	$758,130,900
2011	Synchronization	Synchronization		$196,500,000	$281,239,801
2011	Synchronization	Total		$196,500,000	$281,239,801
2011	Total	Total		$4,700,827,677	$6,728,039,890
2010	Digital Downloads	Download Album		$615,552,538	$908,816,225
2010	Digital Downloads	Download Music Video		$26,907,563	$39,726,957
2010	Digital Downloads	Download Single		$980,345,231	$1,447,404,724
2010	Digital Downloads	Kiosk		$4,085,180	$6,031,456
2010	Digital Downloads	Other Digital		$0	$0
2010	Digital Downloads	Ringtones & Ringbacks		$226,553,123	$334,488,352
2010	Digital Downloads	Total		$1,853,443,634	$2,736,467,714
2010	Physical	8 - Track		$0	$0
2010	Physical	Cassette		$0	$0
2010	Physical	Cassette Single		$0	$0
2010	Physical	CD		$1,935,451,202	$2,857,545,614
2010	Physical	CD Single		$1,349,676	$1,992,694
2010	Physical	DVD Audio		$492,041	$726,461
2010	Physical	LP/EP		$53,918,874	$79,607,092
2010	Physical	Music Video (Physical)		$104,678,468	$154,549,749
2010	Physical	Other Physical		$0	$0
2010	Physical	Other Tapes		$0	$0
2010	Physical	SACD		$948,092	$1,399,786
2010	Physical	Vinyl Single		$1,219,140	$1,799,968
2010	Physical	Total		$2,098,057,494	$3,097,621,362
2010	Streaming	Free Streaming		$0	$0
2010	Streaming	Other Streaming		$249,200,000	$367,924,733
2010	Streaming	Paid Subscriptions (Non-Premium)		$0	$0
2010	Streaming	Paid Subscriptions (Premium)		$106,199,999	$156,796,172
2010	Streaming	Total		$355,399,999	$524,720,906
2010	Synchronization	Synchronization		$188,700,000	$278,601,112
2010	Synchronization	Total		$188,700,000	$278,601,112
2010	Total	Total		$4,495,601,127	$6,637,411,094
2009	Digital Downloads	Download Album		$525,167,073	$788,087,196
2009	Digital Downloads	Download Music Video		$30,068,834	$45,122,522
2009	Digital Downloads	Download Single		$859,746,042	$1,290,170,087
2009	Digital Downloads	Kiosk		$4,021,349	$6,034,601
2009	Digital Downloads	Other Digital		$0	$0
2009	Digital Downloads	Ringtones & Ringbacks		$355,405,211	$533,335,602
2009	Digital Downloads	Total		$1,774,408,508	$2,662,750,008
2009	Physical	8 - Track		$0	$0
2009	Physical	Cassette		$0	$0
2009	Physical	Cassette Single		$0	$0
2009	Physical	CD		$2,466,167,066	$3,700,831,203
2009	Physical	CD Single		$1,442,757	$2,165,061
2009	Physical	DVD Audio		$874,739	$1,312,669
2009	Physical	LP/EP		$38,695,435	$58,067,953
2009	Physical	Music Video (Physical)		$123,539,453	$185,388,358
2009	Physical	Other Physical		$0	$0
2009	Physical	Other Tapes		$0	$0
2009	Physical	SACD		$1,338,483	$2,008,583
2009	Physical	Vinyl Single		$1,325,153	$1,988,578
2009	Physical	Total		$2,633,383,086	$3,951,762,404
2009	Streaming	Free Streaming		$0	$0
2009	Streaming	Other Streaming		$155,500,000	$233,349,662
2009	Streaming	Paid Subscriptions (Non-Premium)		$0	$0
2009	Streaming	Paid Subscriptions (Premium)		$103,099,999	$154,716,076
2009	Streaming	Total		$258,599,999	$388,065,739
2009	Synchronization	Synchronization		$201,200,000	$301,928,952
2009	Synchronization	Total		$201,200,000	$301,928,952
2009	Total	Total		$4,867,591,593	$7,304,507,103
2008	Digital Downloads	Download Album		$448,258,285	$670,281,496
2008	Digital Downloads	Download Music Video		$30,362,905	$45,401,712
2008	Digital Downloads	Download Single		$757,192,717	$1,132,231,761
2008	Digital Downloads	Kiosk		$1,659,604	$2,481,610
2008	Digital Downloads	Other Digital		$0	$0
2008	Digital Downloads	Ringtones & Ringbacks		$494,118,429	$738,856,261
2008	Digital Downloads	Total		$1,731,591,940	$2,589,252,839
2008	Physical	8 - Track		$0	$0
2008	Physical	Cassette		$492,300	$736,137
2008	Physical	Cassette Single		$0	$0
2008	Physical	CD		$3,124,279,862	$4,671,741,832
2008	Physical	CD Single		$1,628,920	$2,435,727
2008	Physical	DVD Audio		$656,054	$980,999
2008	Physical	LP/EP		$34,389,203	$51,422,243
2008	Physical	Music Video (Physical)		$133,971,936	$200,328,499
2008	Physical	Other Physical		$0	$0
2008	Physical	Other Tapes		$0	$0
2008	Physical	SACD		$1,728,874	$2,585,189
2008	Physical	Vinyl Single		$1,537,177	$2,298,544
2008	Physical	Total		$3,298,684,326	$4,932,529,170
2008	Streaming	Free Streaming		$0	$0
2008	Streaming	Other Streaming		$100,000,000	$149,530,197
2008	Streaming	Paid Subscriptions (Non-Premium)		$0	$0
2008	Streaming	Paid Subscriptions (Premium)		$110,699,999	$165,529,926
2008	Streaming	Total		$210,699,999	$315,060,123
2008	Synchronization	Synchronization		$0	$0
2008	Synchronization	Total		$0	$0
2008	Total	Total		$5,240,976,265	$7,836,842,132
2007	Digital Downloads	Download Album		$350,958,084	$544,937,825
2007	Digital Downloads	Download Music Video		$20,732,056	$32,190,972
2007	Digital Downloads	Download Single		$594,926,655	$923,751,445
2007	Digital Downloads	Kiosk		$1,659,604	$2,576,892
2007	Digital Downloads	Other Digital		$0	$0
2007	Digital Downloads	Ringtones & Ringbacks		$533,916,935	$829,020,748
2007	Digital Downloads	Total		$1,502,193,335	$2,332,477,882
2007	Physical	8 - Track		$0	$0
2007	Physical	Cassette		$1,641,000	$2,548,005
2007	Physical	Cassette Single		$0	$0
2007	Physical	CD		$4,255,491,531	$6,607,564,845
2007	Physical	CD Single		$5,677,948	$8,816,234
2007	Physical	DVD Audio		$1,530,794	$2,376,886
2007	Physical	LP/EP		$13,889,114	$21,565,833
2007	Physical	Music Video (Physical)		$285,802,867	$443,770,352
2007	Physical	Other Physical		$0	$0
2007	Physical	Other Tapes		$0	$0
2007	Physical	SACD		$2,007,725	$3,117,424
2007	Physical	Vinyl Single		$2,120,244	$3,292,135
2007	Physical	Total		$4,568,161,222	$7,093,051,714
2007	Streaming	Free Streaming		$0	$0
2007	Streaming	Other Streaming		$36,200,000	$56,208,277
2007	Streaming	Paid Subscriptions (Non-Premium)		$0	$0
2007	Streaming	Paid Subscriptions (Premium)		$116,999,999	$181,667,634
2007	Streaming	Total		$153,199,999	$237,875,911
2007	Synchronization	Synchronization		$0	$0
2007	Synchronization	Total		$0	$0
2007	Total	Total		$6,223,554,556	$9,663,405,506
2006	Digital Downloads	Download Album		$194,670,960	$310,877,742
2006	Digital Downloads	Download Music Video		$14,483,032	$23,128,526
2006	Digital Downloads	Download Single		$425,911,734	$680,155,264
2006	Digital Downloads	Kiosk		$1,212,788	$1,936,749
2006	Digital Downloads	Other Digital		$0	$0
2006	Digital Downloads	Ringtones & Ringbacks		$391,309,836	$624,898,127
2006	Digital Downloads	Total		$1,027,588,349	$1,640,996,408
2006	Physical	8 - Track		$0	$0
2006	Physical	Cassette		$2,023,900	$3,232,046
2006	Physical	Cassette Single		$0	$0
2006	Physical	CD		$5,352,041,642	$8,546,886,618
2006	Physical	CD Single		$3,583,623	$5,722,829
2006	Physical	DVD Audio		$1,312,109	$2,095,358
2006	Physical	LP/EP		$9,522,231	$15,206,426
2006	Physical	Music Video (Physical)		$265,880,951	$424,595,789
2006	Physical	Other Physical		$0	$0
2006	Physical	Other Tapes		$0	$0
2006	Physical	SACD		$3,067,357	$4,898,384
2006	Physical	Vinyl Single		$5,247,605	$8,380,107
2006	Physical	Total		$5,642,679,417	$9,011,017,557
2006	Streaming	Free Streaming		$0	$0
2006	Streaming	Other Streaming		$32,800,000	$52,379,615
2006	Streaming	Paid Subscriptions (Non-Premium)		$0	$0
2006	Streaming	Paid Subscriptions (Premium)		$103,099,999	$164,644,459
2006	Streaming	Total		$135,899,999	$217,024,074
2006	Synchronization	Synchronization		$0	$0
2006	Synchronization	Total		$0	$0
2006	Total	Total		$6,806,167,765	$10,869,038,040
2005	Digital Downloads	Download Album		$95,747,913	$157,835,998
2005	Digital Downloads	Download Music Video		$2,720,163	$4,484,063
2005	Digital Downloads	Download Single		$266,506,602	$439,323,783
2005	Digital Downloads	Kiosk		$638,309	$1,052,223
2005	Digital Downloads	Other Digital		$0	$0
2005	Digital Downloads	Ringtones & Ringbacks		$213,202,671	$351,454,723
2005	Digital Downloads	Total		$578,815,658	$954,150,791
2005	Physical	8 - Track		$0	$0
2005	Physical	Cassette		$7,165,700	$11,812,324
2005	Physical	Cassette Single		$0	$0
2005	Physical	CD		$6,007,356,388	$9,902,848,630
2005	Physical	CD Single		$5,072,921	$8,362,475
2005	Physical	DVD Audio		$6,123,174	$10,093,769
2005	Physical	LP/EP		$8,612,464	$14,197,247
2005	Physical	Music Video (Physical)		$354,940,165	$585,102,415
2005	Physical	Other Physical		$0	$0
2005	Physical	Other Tapes		$0	$0
2005	Physical	SACD		$5,577,013	$9,193,448
2005	Physical	Vinyl Single		$6,996,806	$11,533,911
2005	Physical	Total		$6,401,844,631	$10,553,144,220
2005	Streaming	Free Streaming		$0	$0
2005	Streaming	Other Streaming		$20,400,000	$33,628,455
2005	Streaming	Paid Subscriptions (Non-Premium)		$0	$0
2005	Streaming	Paid Subscriptions (Premium)		$74,599,999	$122,974,642
2005	Streaming	Total		$94,999,999	$156,603,096
2005	Synchronization	Synchronization		$0	$0
2005	Synchronization	Total		$0	$0
2005	Total	Total		$7,075,660,289	$11,663,898,107
2004	Digital Downloads	Download Album		$32,104,127	$54,715,188
2004	Digital Downloads	Download Music Video		$0	$0
2004	Digital Downloads	Download Single		$101,232,896	$172,531,615
2004	Digital Downloads	Kiosk		$0	$0
2004	Digital Downloads	Other Digital		$0	$0
2004	Digital Downloads	Ringtones & Ringbacks		$0	$0
2004	Digital Downloads	Total		$133,337,023	$227,246,803
2004	Physical	8 - Track		$0	$0
2004	Physical	Cassette		$12,963,900	$22,094,425
2004	Physical	Cassette Single		$0	$0
2004	Physical	CD		$6,536,302,056	$11,139,844,854
2004	Physical	CD Single		$6,981,084	$11,897,888
2004	Physical	DVD Audio		$3,553,628	$6,056,462
2004	Physical	LP/EP		$11,705,672	$19,950,022
2004	Physical	Music Video (Physical)		$357,887,194	$609,948,528
2004	Physical	Other Physical		$0	$0
2004	Physical	Other Tapes		$0	$0
2004	Physical	SACD		$9,257,842	$15,778,175
2004	Physical	Vinyl Single		$10,548,215	$17,977,364
2004	Physical	Total		$6,949,199,592	$11,843,547,719
2004	Streaming	Free Streaming		$0	$0
2004	Streaming	Other Streaming		$6,900,000	$11,759,697
2004	Streaming	Paid Subscriptions (Non-Premium)		$0	$0
2004	Streaming	Paid Subscriptions (Premium)		$0	$0
2004	Streaming	Total		$6,900,000	$11,759,697
2004	Synchronization	Synchronization		$0	$0
2004	Synchronization	Total		$0	$0
2004	Total	Total		$7,089,436,614	$12,082,554,219
2003	Digital Downloads	Download Album		$0	$0
2003	Digital Downloads	Download Music Video		$0	$0
2003	Digital Downloads	Download Single		$0	$0
2003	Digital Downloads	Kiosk		$0	$0
2003	Digital Downloads	Other Digital		$0	$0
2003	Digital Downloads	Ringtones & Ringbacks		$0	$0
2003	Digital Downloads	Total		$0	$0
2003	Physical	8 - Track		$0	$0
2003	Physical	Cassette		$59,130,700	$103,460,407
2003	Physical	Cassette Single		$0	$0
2003	Physical	CD		$6,414,329,915	$11,223,090,303
2003	Physical	CD Single		$16,754,601	$29,315,361
2003	Physical	DVD Audio		$4,373,696	$7,652,613
2003	Physical	LP/EP		$13,161,300	$23,028,198
2003	Physical	Music Video (Physical)		$235,703,375	$412,407,889
2003	Physical	Other Physical		$0	$0
2003	Physical	Other Tapes		$0	$0
2003	Physical	SACD		$14,667,544	$25,663,659
2003	Physical	Vinyl Single		$11,396,313	$19,940,017
2003	Physical	Total		$6,769,517,443	$11,844,558,447
2003	Streaming	Free Streaming		$0	$0
2003	Streaming	Other Streaming		$0	$0
2003	Streaming	Paid Subscriptions (Non-Premium)		$0	$0
2003	Streaming	Paid Subscriptions (Premium)		$0	$0
2003	Streaming	Total		$0	$0
2003	Synchronization	Synchronization		$0	$0
2003	Synchronization	Total		$0	$0
2003	Total	Total		$6,769,517,443	$11,844,558,447
2002	Digital Downloads	Download Album		$0	$0
2002	Digital Downloads	Download Music Video		$0	$0
2002	Digital Downloads	Download Single		$0	$0
2002	Digital Downloads	Kiosk		$0	$0
2002	Digital Downloads	Other Digital		$0	$0
2002	Digital Downloads	Ringtones & Ringbacks		$0	$0
2002	Digital Downloads	Total		$0	$0
2002	Physical	8 - Track		$0	$0
2002	Physical	Cassette		$114,760,600	$205,371,717
2002	Physical	Cassette Single		($875,200)	($1,566,229)
2002	Physical	CD		$6,877,549,958	$12,307,832,497
2002	Physical	CD Single		$9,121,949	$16,324,334
2002	Physical	DVD Audio		$4,647,052	$8,316,208
2002	Physical	LP/EP		$12,433,486	$22,250,549
2002	Physical	Music Video (Physical)		$169,984,629	$304,198,785
2002	Physical	Other Physical		$0	$0
2002	Physical	Other Tapes		$0	$0
2002	Physical	SACD		$0	$0
2002	Physical	Vinyl Single		$13,198,521	$23,619,629
2002	Physical	Total		$7,200,820,995	$12,886,347,492
2002	Streaming	Free Streaming		$0	$0
2002	Streaming	Other Streaming		$0	$0
2002	Streaming	Paid Subscriptions (Non-Premium)		$0	$0
2002	Streaming	Paid Subscriptions (Premium)		$0	$0
2002	Streaming	Total		$0	$0
2002	Synchronization	Synchronization		$0	$0
2002	Synchronization	Total		$0	$0
2002	Total	Total		$7,200,820,995	$12,886,347,492
2001	Digital Downloads	Download Album		$0	$0
2001	Digital Downloads	Download Music Video		$0	$0
2001	Digital Downloads	Download Single		$0	$0
2001	Digital Downloads	Kiosk		$0	$0
2001	Digital Downloads	Other Digital		$0	$0
2001	Digital Downloads	Ringtones & Ringbacks		$0	$0
2001	Digital Downloads	Total		$0	$0
2001	Physical	8 - Track		$0	$0
2001	Physical	Cassette		$198,779,800	$361,353,840
2001	Physical	Cassette Single		($2,899,100)	($5,270,158)
2001	Physical	CD		$7,371,662,758	$13,400,650,612
2001	Physical	CD Single		$36,953,203	$67,175,749
2001	Physical	DVD Audio		$3,280,272	$5,963,075
2001	Physical	LP/EP		$16,618,416	$30,209,952
2001	Physical	Music Video (Physical)		$194,032,385	$352,723,706
2001	Physical	Other Physical		$0	$0
2001	Physical	Other Tapes		$0	$0
2001	Physical	SACD		$0	$0
2001	Physical	Vinyl Single		$16,643,918	$30,256,311
2001	Physical	Total		$7,835,071,652	$14,243,063,088
2001	Streaming	Free Streaming		$0	$0
2001	Streaming	Other Streaming		$0	$0
2001	Streaming	Paid Subscriptions (Non-Premium)		$0	$0
2001	Streaming	Paid Subscriptions (Premium)		$0	$0
2001	Streaming	Total		$0	$0
2001	Synchronization	Synchronization		$0	$0
2001	Synchronization	Total		$0	$0
2001	Total	Total		$7,835,071,652	$14,243,063,088
2000	Digital Downloads	Download Album		$0	$0
2000	Digital Downloads	Download Music Video		$0	$0
2000	Digital Downloads	Download Single		$0	$0
2000	Digital Downloads	Kiosk		$0	$0
2000	Digital Downloads	Other Digital		$0	$0
2000	Digital Downloads	Ringtones & Ringbacks		$0	$0
2000	Digital Downloads	Total		$0	$0
2000	Physical	8 - Track		$0	$0
2000	Physical	Cassette		$342,422,000	$640,187,956
2000	Physical	Cassette Single		$2,516,200	$4,704,257
2000	Physical	CD		$7,545,884,202	$14,107,692,205
2000	Physical	CD Single		$66,413,376	$124,165,631
2000	Physical	DVD Audio		$0	$0
2000	Physical	LP/EP		$16,800,369	$31,409,763
2000	Physical	Music Video (Physical)		$166,153,492	$310,638,522
2000	Physical	Other Physical		$0	$0
2000	Physical	Other Tapes		$0	$0
2000	Physical	SACD		$0	$0
2000	Physical	Vinyl Single		$13,940,606	$26,063,186
2000	Physical	Total		$8,154,130,246	$15,244,861,519
2000	Streaming	Free Streaming		$0	$0
2000	Streaming	Other Streaming		$0	$0
2000	Streaming	Paid Subscriptions (Non-Premium)		$0	$0
2000	Streaming	Paid Subscriptions (Premium)		$0	$0
2000	Streaming	Total		$0	$0
2000	Synchronization	Synchronization		$0	$0
2000	Synchronization	Total		$0	$0
2000	Total	Total		$8,154,130,246	$15,244,861,519
1999	Digital Downloads	Download Album		$0	$0
1999	Digital Downloads	Download Music Video		$0	$0
1999	Digital Downloads	Download Single		$0	$0
1999	Digital Downloads	Kiosk		$0	$0
1999	Digital Downloads	Other Digital		$0	$0
1999	Digital Downloads	Ringtones & Ringbacks		$0	$0
1999	Digital Downloads	Total		$0	$0
1999	Physical	8 - Track		$0	$0
1999	Physical	Cassette		$580,695,200	$1,122,153,390
1999	Physical	Cassette Single		$26,256,000	$50,737,908
1999	Physical	CD		$7,318,499,807	$14,142,495,699
1999	Physical	CD Single		$103,506,201	$200,018,589
1999	Physical	DVD Audio		$0	$0
1999	Physical	LP/EP		$19,287,066	$37,270,924
1999	Physical	Music Video (Physical)		$222,029,160	$429,056,026
1999	Physical	Other Physical		$0	$0
1999	Physical	Other Tapes		$0	$0
1999	Physical	SACD		$0	$0
1999	Physical	Vinyl Single		$14,788,704	$28,578,149
1999	Physical	Total		$8,285,062,139	$16,010,310,685
1999	Streaming	Free Streaming		$0	$0
1999	Streaming	Other Streaming		$0	$0
1999	Streaming	Paid Subscriptions (Non-Premium)		$0	$0
1999	Streaming	Paid Subscriptions (Premium)		$0	$0
1999	Streaming	Total		$0	$0
1999	Synchronization	Synchronization		$0	$0
1999	Synchronization	Total		$0	$0
1999	Total	Total		$8,285,062,139	$16,010,310,685
1998	Digital Downloads	Download Album		$0	$0
1998	Digital Downloads	Download Music Video		$0	$0
1998	Digital Downloads	Download Single		$0	$0
1998	Digital Downloads	Kiosk		$0	$0
1998	Digital Downloads	Other Digital		$0	$0
1998	Digital Downloads	Ringtones & Ringbacks		$0	$0
1998	Digital Downloads	Total		$0	$0
1998	Physical	8 - Track		$0	$0
1998	Physical	Cassette		$776,685,300	$1,534,039,236
1998	Physical	Cassette Single		$51,636,800	$101,988,382
1998	Physical	CD		$6,518,885,622	$12,875,518,981
1998	Physical	CD Single		$99,224,470	$195,979,285
1998	Physical	DVD Audio		$0	$0
1998	Physical	LP/EP		$20,621,392	$40,729,526
1998	Physical	Music Video (Physical)		$299,418,140	$591,383,892
1998	Physical	Other Physical		$0	$0
1998	Physical	Other Tapes		$0	$0
1998	Physical	SACD		$0	$0
1998	Physical	Vinyl Single		$13,622,570	$26,906,079
1998	Physical	Total		$7,780,094,293	$15,366,545,381
1998	Streaming	Free Streaming		$0	$0
1998	Streaming	Other Streaming		$0	$0
1998	Streaming	Paid Subscriptions (Non-Premium)		$0	$0
1998	Streaming	Paid Subscriptions (Premium)		$0	$0
1998	Streaming	Total		$0	$0
1998	Synchronization	Synchronization		$0	$0
1998	Synchronization	Total		$0	$0
1998	Total	Total		$7,780,094,293	$15,366,545,381
1997	Digital Downloads	Download Album		$0	$0
1997	Digital Downloads	Download Music Video		$0	$0
1997	Digital Downloads	Download Single		$0	$0
1997	Digital Downloads	Kiosk		$0	$0
1997	Digital Downloads	Other Digital		$0	$0
1997	Digital Downloads	Ringtones & Ringbacks		$0	$0
1997	Digital Downloads	Total		$0	$0
1997	Physical	8 - Track		$0	$0
1997	Physical	Cassette		$832,916,900	$1,670,727,511
1997	Physical	Cassette Single		$73,024,500	$146,478,047
1997	Physical	CD		$5,661,825,756	$11,356,916,943
1997	Physical	CD Single		$126,916,102	$254,577,886
1997	Physical	DVD Audio		$0	$0
1997	Physical	LP/EP		$20,196,834	$40,512,331
1997	Physical	Music Video (Physical)		$190,908,535	$382,938,731
1997	Physical	Other Physical		$0	$0
1997	Physical	Other Tapes		$0	$0
1997	Physical	SACD		$0	$0
1997	Physical	Vinyl Single		$18,870,174	$37,851,218
1997	Physical	Total		$6,924,658,800	$13,890,002,668
1997	Streaming	Free Streaming		$0	$0
1997	Streaming	Other Streaming		$0	$0
1997	Streaming	Paid Subscriptions (Non-Premium)		$0	$0
1997	Streaming	Paid Subscriptions (Premium)		$0	$0
1997	Streaming	Total		$0	$0
1997	Synchronization	Synchronization		$0	$0
1997	Synchronization	Total		$0	$0
1997	Total	Total		$6,924,658,800	$13,890,002,668
1996	Digital Downloads	Download Album		$0	$0
1996	Digital Downloads	Download Music Video		$0	$0
1996	Digital Downloads	Download Single		$0	$0
1996	Digital Downloads	Kiosk		$0	$0
1996	Digital Downloads	Other Digital		$0	$0
1996	Digital Downloads	Ringtones & Ringbacks		$0	$0
1996	Digital Downloads	Total		$0	$0
1996	Physical	8 - Track		$0	$0
1996	Physical	Cassette		$1,042,199,100	$2,138,487,603
1996	Physical	Cassette Single		$103,547,100	$212,468,222
1996	Physical	CD		$5,673,017,956	$11,640,461,567
1996	Physical	CD Single		$85,681,168	$175,809,128
1996	Physical	DVD Audio		$0	$0
1996	Physical	LP/EP		$22,319,624	$45,797,620
1996	Physical	Music Video (Physical)		$139,158,707	$285,539,652
1996	Physical	Other Physical		$0	$0
1996	Physical	Other Tapes		$0	$0
1996	Physical	SACD		$0	$0
1996	Physical	Vinyl Single		$25,177,901	$51,662,517
1996	Physical	Total		$7,091,101,555	$14,550,226,309
1996	Streaming	Free Streaming		$0	$0
1996	Streaming	Other Streaming		$0	$0
1996	Streaming	Paid Subscriptions (Non-Premium)		$0	$0
1996	Streaming	Paid Subscriptions (Premium)		$0	$0
1996	Streaming	Total		$0	$0
1996	Synchronization	Synchronization		$0	$0
1996	Synchronization	Total		$0	$0
1996	Total	Total		$7,091,101,555	$14,550,226,309
1995	Digital Downloads	Download Album		$0	$0
1995	Digital Downloads	Download Music Video		$0	$0
1995	Digital Downloads	Download Single		$0	$0
1995	Digital Downloads	Kiosk		$0	$0
1995	Digital Downloads	Other Digital		$0	$0
1995	Digital Downloads	Ringtones & Ringbacks		$0	$0
1995	Digital Downloads	Total		$0	$0
1995	Physical	8 - Track		$0	$0
1995	Physical	Cassette		$1,260,069,200	$2,661,879,649
1995	Physical	Cassette Single		$129,256,100	$273,051,815
1995	Physical	CD		$5,354,782,589	$11,311,907,946
1995	Physical	CD Single		$51,613,479	$109,032,797
1995	Physical	DVD Audio		$0	$0
1995	Physical	LP/EP		$15,223,439	$32,159,315
1995	Physical	Music Video (Physical)		$129,846,095	$274,298,172
1995	Physical	Other Physical		$0	$0
1995	Physical	Other Tapes		$0	$0
1995	Physical	SACD		$0	$0
1995	Physical	Vinyl Single		$24,753,852	$52,292,187
1995	Physical	Total		$6,965,544,754	$14,714,621,881
1995	Streaming	Free Streaming		$0	$0
1995	Streaming	Other Streaming		$0	$0
1995	Streaming	Paid Subscriptions (Non-Premium)		$0	$0
1995	Streaming	Paid Subscriptions (Premium)		$0	$0
1995	Streaming	Total		$0	$0
1995	Synchronization	Synchronization		$0	$0
1995	Synchronization	Total		$0	$0
1995	Total	Total		$6,965,544,754	$14,714,621,881
1994	Digital Downloads	Download Album		$0	$0
1994	Digital Downloads	Download Music Video		$0	$0
1994	Digital Downloads	Download Single		$0	$0
1994	Digital Downloads	Kiosk		$0	$0
1994	Digital Downloads	Other Digital		$0	$0
1994	Digital Downloads	Ringtones & Ringbacks		$0	$0
1994	Digital Downloads	Total		$0	$0
1994	Physical	8 - Track		$0	$0
1994	Physical	Cassette		$1,628,090,800	$3,536,791,069
1994	Physical	Cassette Single		$150,370,300	$326,657,662
1994	Physical	CD		$4,833,488,731	$10,500,053,053
1994	Physical	CD Single		$26,109,253	$56,718,565
1994	Physical	DVD Audio		$0	$0
1994	Physical	LP/EP		$10,795,905	$23,452,537
1994	Physical	Music Video (Physical)		$136,211,678	$295,900,109
1994	Physical	Other Physical		$0	$0
1994	Physical	Other Tapes		$0	$0
1994	Physical	SACD		$0	$0
1994	Physical	Vinyl Single		$25,018,883	$54,349,893
1994	Physical	Total		$6,810,085,549	$14,793,922,887
1994	Streaming	Free Streaming		$0	$0
1994	Streaming	Other Streaming		$0	$0
1994	Streaming	Paid Subscriptions (Non-Premium)		$0	$0
1994	Streaming	Paid Subscriptions (Premium)		$0	$0
1994	Streaming	Total		$0	$0
1994	Synchronization	Synchronization		$0	$0
1994	Synchronization	Total		$0	$0
1994	Total	Total		$6,810,085,549	$14,793,922,887
1993	Digital Downloads	Download Album		$0	$0
1993	Digital Downloads	Download Music Video		$0	$0
1993	Digital Downloads	Download Single		$0	$0
1993	Digital Downloads	Kiosk		$0	$0
1993	Digital Downloads	Other Digital		$0	$0
1993	Digital Downloads	Ringtones & Ringbacks		$0	$0
1993	Digital Downloads	Total		$0	$0
1993	Physical	8 - Track		$0	$0
1993	Physical	Cassette		$1,594,942,600	$3,553,499,000
1993	Physical	Cassette Single		$163,279,500	$363,783,336
1993	Physical	CD		$3,718,208,816	$8,284,092,047
1993	Physical	CD Single		$21,315,576	$47,490,660
1993	Physical	DVD Audio		$0	$0
1993	Physical	LP/EP		$6,429,022	$14,323,728
1993	Physical	Music Video (Physical)		$125,720,255	$280,102,117
1993	Physical	Other Physical		$0	$0
1993	Physical	Other Tapes		$0	$0
1993	Physical	SACD		$0	$0
1993	Physical	Vinyl Single		$27,139,127	$60,465,411
1993	Physical	Total		$5,657,034,895	$12,603,756,298
1993	Streaming	Free Streaming		$0	$0
1993	Streaming	Other Streaming		$0	$0
1993	Streaming	Paid Subscriptions (Non-Premium)		$0	$0
1993	Streaming	Paid Subscriptions (Premium)		$0	$0
1993	Streaming	Total		$0	$0
1993	Synchronization	Synchronization		$0	$0
1993	Synchronization	Total		$0	$0
1993	Total	Total		$5,657,034,895	$12,603,756,298
1992	Digital Downloads	Download Album		$0	$0
1992	Digital Downloads	Download Music Video		$0	$0
1992	Digital Downloads	Download Single		$0	$0
1992	Digital Downloads	Kiosk		$0	$0
1992	Digital Downloads	Other Digital		$0	$0
1992	Digital Downloads	Ringtones & Ringbacks		$0	$0
1992	Digital Downloads	Total		$0	$0
1992	Physical	8 - Track		$0	$0
1992	Physical	Cassette		$1,704,616,100	$3,911,541,134
1992	Physical	Cassette Single		$163,443,600	$375,050,056
1992	Physical	CD		$3,041,594,627	$6,979,473,265
1992	Physical	CD Single		$20,989,792	$48,164,765
1992	Physical	DVD Audio		$0	$0
1992	Physical	LP/EP		$8,187,905	$18,788,588
1992	Physical	Music Video (Physical)		$92,772,471	$212,882,734
1992	Physical	Other Physical		$0	$0
1992	Physical	Other Tapes		$0	$0
1992	Physical	SACD		$0	$0
1992	Physical	Vinyl Single		$35,196,055	$80,763,532
1992	Physical	Total		$5,066,800,551	$11,626,664,075
1992	Streaming	Free Streaming		$0	$0
1992	Streaming	Other Streaming		$0	$0
1992	Streaming	Paid Subscriptions (Non-Premium)		$0	$0
1992	Streaming	Paid Subscriptions (Premium)		$0	$0
1992	Streaming	Total		$0	$0
1992	Synchronization	Synchronization		$0	$0
1992	Synchronization	Total		$0	$0
1992	Total	Total		$5,066,800,551	$11,626,664,075
1991	Digital Downloads	Download Album		$0	$0
1991	Digital Downloads	Download Music Video		$0	$0
1991	Digital Downloads	Download Single		$0	$0
1991	Digital Downloads	Kiosk		$0	$0
1991	Digital Downloads	Other Digital		$0	$0
1991	Digital Downloads	Ringtones & Ringbacks		$0	$0
1991	Digital Downloads	Total		$0	$0
1991	Physical	8 - Track		$0	$0
1991	Physical	Cassette		$1,651,721,200	$3,904,259,018
1991	Physical	Cassette Single		$126,028,800	$297,900,807
1991	Physical	CD		$2,476,959,545	$5,854,917,670
1991	Physical	CD Single		$16,335,736	$38,613,626
1991	Physical	DVD Audio		$0	$0
1991	Physical	LP/EP		$17,831,439	$42,149,096
1991	Physical	Music Video (Physical)		$69,608,824	$164,537,984
1991	Physical	Other Physical		$0	$0
1991	Physical	Other Tapes		$0	$0
1991	Physical	SACD		$0	$0
1991	Physical	Vinyl Single		$33,870,902	$80,062,408
1991	Physical	Total		$4,392,356,445	$10,382,440,610
1991	Streaming	Free Streaming		$0	$0
1991	Streaming	Other Streaming		$0	$0
1991	Streaming	Paid Subscriptions (Non-Premium)		$0	$0
1991	Streaming	Paid Subscriptions (Premium)		$0	$0
1991	Streaming	Total		$0	$0
1991	Synchronization	Synchronization		$0	$0
1991	Synchronization	Total		$0	$0
1991	Total	Total		$4,392,356,445	$10,382,440,610
1990	Digital Downloads	Download Album		$0	$0
1990	Digital Downloads	Download Music Video		$0	$0
1990	Digital Downloads	Download Single		$0	$0
1990	Digital Downloads	Kiosk		$0	$0
1990	Digital Downloads	Other Digital		$0	$0
1990	Digital Downloads	Ringtones & Ringbacks		$0	$0
1990	Digital Downloads	Total		$0	$0
1990	Physical	8 - Track		$0	$0
1990	Physical	Cassette		$1,899,402,800	$4,678,649,087
1990	Physical	Cassette Single		$141,071,300	$347,489,805
1990	Physical	CD		$1,970,969,307	$4,854,933,219
1990	Physical	CD Single		$2,792,433	$6,878,381
1990	Physical	DVD Audio		$0	$0
1990	Physical	LP/EP		$52,463,246	$129,228,576
1990	Physical	Music Video (Physical)		$101,554,617	$250,151,478
1990	Physical	Other Physical		$0	$0
1990	Physical	Other Tapes		$0	$0
1990	Physical	SACD		$0	$0
1990	Physical	Vinyl Single		$50,037,765	$123,254,079
1990	Physical	Total		$4,218,291,469	$10,390,584,625
1990	Streaming	Free Streaming		$0	$0
1990	Streaming	Other Streaming		$0	$0
1990	Streaming	Paid Subscriptions (Non-Premium)		$0	$0
1990	Streaming	Paid Subscriptions (Premium)		$0	$0
1990	Streaming	Total		$0	$0
1990	Synchronization	Synchronization		$0	$0
1990	Synchronization	Total		$0	$0
1990	Total	Total		$4,218,291,469	$10,390,584,625
1989	Digital Downloads	Download Album		$0	$0
1989	Digital Downloads	Download Music Video		$0	$0
1989	Digital Downloads	Download Single		$0	$0
1989	Digital Downloads	Kiosk		$0	$0
1989	Digital Downloads	Other Digital		$0	$0
1989	Digital Downloads	Ringtones & Ringbacks		$0	$0
1989	Digital Downloads	Total		$0	$0
1989	Physical	8 - Track		$0	$0
1989	Physical	Cassette		$1,830,152,600	$4,751,651,762
1989	Physical	Cassette Single		$106,446,200	$276,367,814
1989	Physical	CD		$1,477,655,950	$3,836,459,593
1989	Physical	CD Single		($325,784)	($845,837)
1989	Physical	DVD Audio		$0	$0
1989	Physical	LP/EP		$133,614,487	$346,905,232
1989	Physical	Music Video (Physical)		$68,017,428	$176,594,635
1989	Physical	Other Physical		$0	$0
1989	Physical	Other Tapes		$0	$0
1989	Physical	SACD		$0	$0
1989	Physical	Vinyl Single		$61,699,109	$160,190,291
1989	Physical	Total		$3,677,259,990	$9,547,323,491
1989	Streaming	Free Streaming		$0	$0
1989	Streaming	Other Streaming		$0	$0
1989	Streaming	Paid Subscriptions (Non-Premium)		$0	$0
1989	Streaming	Paid Subscriptions (Premium)		$0	$0
1989	Streaming	Total		$0	$0
1989	Synchronization	Synchronization		$0	$0
1989	Synchronization	Total		$0	$0
1989	Total	Total		$3,677,259,990	$9,547,323,491
1988	Digital Downloads	Download Album		$0	$0
1988	Digital Downloads	Download Music Video		$0	$0
1988	Digital Downloads	Download Single		$0	$0
1988	Digital Downloads	Kiosk		$0	$0
1988	Digital Downloads	Other Digital		$0	$0
1988	Digital Downloads	Ringtones & Ringbacks		$0	$0
1988	Digital Downloads	Total		$0	$0
1988	Physical	8 - Track		$0	$0
1988	Physical	Cassette		$1,851,649,700	$5,039,101,094
1988	Physical	Cassette Single		$31,343,100	$85,297,478
1988	Physical	CD		$1,193,396,904	$3,247,724,257
1988	Physical	CD Single		$4,560,975	$12,412,290
1988	Physical	DVD Audio		$0	$0
1988	Physical	LP/EP		$322,785,429	$878,432,032
1988	Physical	Music Video (Physical)		$0	$0
1988	Physical	Other Physical		$0	$0
1988	Physical	Other Tapes		$0	$0
1988	Physical	SACD		$0	$0
1988	Physical	Vinyl Single		$95,623,017	$260,229,594
1988	Physical	Total		$3,499,359,125	$9,523,196,745
1988	Streaming	Free Streaming		$0	$0
1988	Streaming	Other Streaming		$0	$0
1988	Streaming	Paid Subscriptions (Non-Premium)		$0	$0
1988	Streaming	Paid Subscriptions (Premium)		$0	$0
1988	Streaming	Total		$0	$0
1988	Synchronization	Synchronization		$0	$0
1988	Synchronization	Total		$0	$0
1988	Total	Total		$3,499,359,125	$9,523,196,745
1987	Digital Downloads	Download Album		$0	$0
1987	Digital Downloads	Download Music Video		$0	$0
1987	Digital Downloads	Download Single		$0	$0
1987	Digital Downloads	Kiosk		$0	$0
1987	Digital Downloads	Other Digital		$0	$0
1987	Digital Downloads	Ringtones & Ringbacks		$0	$0
1987	Digital Downloads	Total		$0	$0
1987	Physical	8 - Track		$0	$0
1987	Physical	Cassette		$1,618,955,900	$4,588,129,571
1987	Physical	Cassette Single		$7,822,100	$22,167,873
1987	Physical	CD		$909,994,405	$2,578,928,950
1987	Physical	CD Single		$0	$0
1987	Physical	DVD Audio		$0	$0
1987	Physical	LP/EP		$481,024,284	$1,363,225,361
1987	Physical	Music Video (Physical)		$0	$0
1987	Physical	Other Physical		$0	$0
1987	Physical	Other Tapes		$0	$0
1987	Physical	SACD		$0	$0
1987	Physical	Vinyl Single		$107,761,416	$305,396,421
1987	Physical	Total		$3,125,558,104	$8,857,848,176
1987	Streaming	Free Streaming		$0	$0
1987	Streaming	Other Streaming		$0	$0
1987	Streaming	Paid Subscriptions (Non-Premium)		$0	$0
1987	Streaming	Paid Subscriptions (Premium)		$0	$0
1987	Streaming	Total		$0	$0
1987	Synchronization	Synchronization		$0	$0
1987	Synchronization	Total		$0	$0
1987	Total	Total		$3,125,558,104	$8,857,848,176
1986	Digital Downloads	Download Album		$0	$0
1986	Digital Downloads	Download Music Video		$0	$0
1986	Digital Downloads	Download Single		$0	$0
1986	Digital Downloads	Kiosk		$0	$0
1986	Digital Downloads	Other Digital		$0	$0
1986	Digital Downloads	Ringtones & Ringbacks		$0	$0
1986	Digital Downloads	Total		$0	$0
1986	Physical	8 - Track		$0	$0
1986	Physical	Cassette		$1,367,226,500	$4,016,140,521
1986	Physical	Cassette Single		$0	$0
1986	Physical	CD		$531,115,585	$1,560,118,109
1986	Physical	CD Single		$0	$0
1986	Physical	DVD Audio		$0	$0
1986	Physical	LP/EP		$596,200,821	$1,751,301,833
1986	Physical	Music Video (Physical)		$0	$0
1986	Physical	Other Physical		$0	$0
1986	Physical	Other Tapes		$0	$0
1986	Physical	SACD		$0	$0
1986	Physical	Vinyl Single		$120,906,930	$355,156,385
1986	Physical	Total		$2,615,449,836	$7,682,716,848
1986	Streaming	Free Streaming		$0	$0
1986	Streaming	Other Streaming		$0	$0
1986	Streaming	Paid Subscriptions (Non-Premium)		$0	$0
1986	Streaming	Paid Subscriptions (Premium)		$0	$0
1986	Streaming	Total		$0	$0
1986	Synchronization	Synchronization		$0	$0
1986	Synchronization	Total		$0	$0
1986	Total	Total		$2,615,449,836	$7,682,716,848
1985	Digital Downloads	Download Album		$0	$0
1985	Digital Downloads	Download Music Video		$0	$0
1985	Digital Downloads	Download Single		$0	$0
1985	Digital Downloads	Kiosk		$0	$0
1985	Digital Downloads	Other Digital		$0	$0
1985	Digital Downloads	Ringtones & Ringbacks		$0	$0
1985	Digital Downloads	Total		$0	$0
1985	Physical	8 - Track		$0	$0
1985	Physical	Cassette		$1,319,090,500	$3,946,765,361
1985	Physical	Cassette Single		$0	$0
1985	Physical	CD		$222,416,429	$665,477,809
1985	Physical	CD Single		$0	$0
1985	Physical	DVD Audio		$0	$0
1985	Physical	LP/EP		$776,637,997	$2,323,728,315
1985	Physical	Music Video (Physical)		$0	$0
1985	Physical	Other Physical		$0	$0
1985	Physical	Other Tapes		$0	$0
1985	Physical	SACD		$0	$0
1985	Physical	Vinyl Single		$148,947,161	$445,655,165
1985	Physical	Total		$2,467,092,087	$7,381,626,651
1985	Streaming	Free Streaming		$0	$0
1985	Streaming	Other Streaming		$0	$0
1985	Streaming	Paid Subscriptions (Non-Premium)		$0	$0
1985	Streaming	Paid Subscriptions (Premium)		$0	$0
1985	Streaming	Total		$0	$0
1985	Synchronization	Synchronization		$0	$0
1985	Synchronization	Total		$0	$0
1985	Total	Total		$2,467,092,087	$7,381,626,651
1984	Digital Downloads	Download Album		$0	$0
1984	Digital Downloads	Download Music Video		$0	$0
1984	Digital Downloads	Download Single		$0	$0
1984	Digital Downloads	Kiosk		$0	$0
1984	Digital Downloads	Other Digital		$0	$0
1984	Digital Downloads	Ringtones & Ringbacks		$0	$0
1984	Digital Downloads	Total		$0	$0
1984	Physical	8 - Track		$0	$0
1984	Physical	Cassette		$1,303,993,300	$4,040,534,312
1984	Physical	Cassette Single		$0	$0
1984	Physical	CD		$58,987,464	$182,777,680
1984	Physical	CD Single		$0	$0
1984	Physical	DVD Audio		$0	$0
1984	Physical	LP/EP		$939,365,037	$2,910,702,581
1984	Physical	Music Video (Physical)		$0	$0
1984	Physical	Other Physical		$0	$0
1984	Physical	Other Tapes		$0	$0
1984	Physical	SACD		$0	$0
1984	Physical	Vinyl Single		$158,329,242	$490,596,641
1984	Physical	Total		$2,460,675,042	$7,624,611,214
1984	Streaming	Free Streaming		$0	$0
1984	Streaming	Other Streaming		$0	$0
1984	Streaming	Paid Subscriptions (Non-Premium)		$0	$0
1984	Streaming	Paid Subscriptions (Premium)		$0	$0
1984	Streaming	Total		$0	$0
1984	Synchronization	Synchronization		$0	$0
1984	Synchronization	Total		$0	$0
1984	Total	Total		$2,460,675,042	$7,624,611,214
1983	Digital Downloads	Download Album		$0	$0
1983	Digital Downloads	Download Music Video		$0	$0
1983	Digital Downloads	Download Single		$0	$0
1983	Digital Downloads	Kiosk		$0	$0
1983	Digital Downloads	Other Digital		$0	$0
1983	Digital Downloads	Ringtones & Ringbacks		$0	$0
1983	Digital Downloads	Total		$0	$0
1983	Physical	8 - Track		$0	$0
1983	Physical	Cassette		$990,562,300	$3,201,853,399
1983	Physical	Cassette Single		$0	$0
1983	Physical	CD		$9,821,727	$31,747,351
1983	Physical	CD Single		$0	$0
1983	Physical	DVD Audio		$0	$0
1983	Physical	LP/EP		$1,024,397,952	$3,311,222,387
1983	Physical	Music Video (Physical)		$0	$0
1983	Physical	Other Physical		$0	$0
1983	Physical	Other Tapes		$0	$0
1983	Physical	SACD		$0	$0
1983	Physical	Vinyl Single		$142,745,446	$461,404,590
1983	Physical	Total		$2,167,527,425	$7,006,227,728
1983	Streaming	Free Streaming		$0	$0
1983	Streaming	Other Streaming		$0	$0
1983	Streaming	Paid Subscriptions (Non-Premium)		$0	$0
1983	Streaming	Paid Subscriptions (Premium)		$0	$0
1983	Streaming	Total		$0	$0
1983	Synchronization	Synchronization		$0	$0
1983	Synchronization	Total		$0	$0
1983	Total	Total		$2,167,527,425	$7,006,227,728
1982	Digital Downloads	Download Album		$0	$0
1982	Digital Downloads	Download Music Video		$0	$0
1982	Digital Downloads	Download Single		$0	$0
1982	Digital Downloads	Kiosk		$0	$0
1982	Digital Downloads	Other Digital		$0	$0
1982	Digital Downloads	Ringtones & Ringbacks		$0	$0
1982	Digital Downloads	Total		$0	$0
1982	Physical	8 - Track		$19,692,000	$65,696,389
1982	Physical	Cassette		$757,321,500	$2,526,573,634
1982	Physical	Cassette Single		$0	$0
1982	Physical	CD		$0	$0
1982	Physical	CD Single		$0	$0
1982	Physical	DVD Audio		$0	$0
1982	Physical	LP/EP		$1,167,595,321	$3,895,327,879
1982	Physical	Music Video (Physical)		$0	$0
1982	Physical	Other Physical		$0	$0
1982	Physical	Other Tapes		$0	$0
1982	Physical	SACD		$0	$0
1982	Physical	Vinyl Single		$150,007,283	$500,453,831
1982	Physical	Total		$2,094,616,104	$6,988,051,733
1982	Streaming	Free Streaming		$0	$0
1982	Streaming	Other Streaming		$0	$0
1982	Streaming	Paid Subscriptions (Non-Premium)		$0	$0
1982	Streaming	Paid Subscriptions (Premium)		$0	$0
1982	Streaming	Total		$0	$0
1982	Synchronization	Synchronization		$0	$0
1982	Synchronization	Total		$0	$0
1982	Total	Total		$2,094,616,104	$6,988,051,733
1981	Digital Downloads	Download Album		$0	$0
1981	Digital Downloads	Download Music Video		$0	$0
1981	Digital Downloads	Download Single		$0	$0
1981	Digital Downloads	Kiosk		$0	$0
1981	Digital Downloads	Other Digital		$0	$0
1981	Digital Downloads	Ringtones & Ringbacks		$0	$0
1981	Digital Downloads	Total		$0	$0
1981	Physical	8 - Track		$171,211,000	$606,382,651
1981	Physical	Cassette		$581,351,600	$2,058,988,759
1981	Physical	Cassette Single		$0	$0
1981	Physical	CD		$0	$0
1981	Physical	CD Single		$0	$0
1981	Physical	DVD Audio		$0	$0
1981	Physical	LP/EP		$1,420,268,019	$5,030,201,834
1981	Physical	Music Video (Physical)		$0	$0
1981	Physical	Other Physical		$0	$0
1981	Physical	Other Tapes		$0	$0
1981	Physical	SACD		$0	$0
1981	Physical	Vinyl Single		$135,907,658	$481,347,847
1981	Physical	Total		$2,308,738,277	$8,176,921,090
1981	Streaming	Free Streaming		$0	$0
1981	Streaming	Other Streaming		$0	$0
1981	Streaming	Paid Subscriptions (Non-Premium)		$0	$0
1981	Streaming	Paid Subscriptions (Premium)		$0	$0
1981	Streaming	Total		$0	$0
1981	Synchronization	Synchronization		$0	$0
1981	Synchronization	Total		$0	$0
1981	Total	Total		$2,308,738,277	$8,176,921,090
1980	Digital Downloads	Download Album		$0	$0
1980	Digital Downloads	Download Music Video		$0	$0
1980	Digital Downloads	Download Single		$0	$0
1980	Digital Downloads	Kiosk		$0	$0
1980	Digital Downloads	Other Digital		$0	$0
1980	Digital Downloads	Ringtones & Ringbacks		$0	$0
1980	Digital Downloads	Total		$0	$0
1980	Physical	8 - Track		$288,269,000	$1,126,288,673
1980	Physical	Cassette		$385,635,000	$1,506,704,961
1980	Physical	Cassette Single		$0	$0
1980	Physical	CD		$0	$0
1980	Physical	CD Single		$0	$0
1980	Physical	DVD Audio		$0	$0
1980	Physical	LP/EP		$1,334,325,337	$5,213,309,489
1980	Physical	Music Video (Physical)		$0	$0
1980	Physical	Other Physical		$0	$0
1980	Physical	Other Tapes		$0	$0
1980	Physical	SACD		$0	$0
1980	Physical	Vinyl Single		$132,515,268	$517,747,121
1980	Physical	Total		$2,140,744,604	$8,364,050,244
1980	Streaming	Free Streaming		$0	$0
1980	Streaming	Other Streaming		$0	$0
1980	Streaming	Paid Subscriptions (Non-Premium)		$0	$0
1980	Streaming	Paid Subscriptions (Premium)		$0	$0
1980	Streaming	Total		$0	$0
1980	Synchronization	Synchronization		$0	$0
1980	Synchronization	Total		$0	$0
1980	Total	Total		$2,140,744,604	$8,364,050,244
1979	Digital Downloads	Download Album		$0	$0
1979	Digital Downloads	Download Music Video		$0	$0
1979	Digital Downloads	Download Single		$0	$0
1979	Digital Downloads	Kiosk		$0	$0
1979	Digital Downloads	Other Digital		$0	$0
1979	Digital Downloads	Ringtones & Ringbacks		$0	$0
1979	Digital Downloads	Total		$0	$0
1979	Physical	8 - Track		$374,312,100	$1,659,878,243
1979	Physical	Cassette		$317,588,200	$1,408,337,436
1979	Physical	Cassette Single		$0	$0
1979	Physical	CD		$0	$0
1979	Physical	CD Single		$0	$0
1979	Physical	DVD Audio		$0	$0
1979	Physical	LP/EP		$1,247,594,190	$5,532,427,221
1979	Physical	Music Video (Physical)		$0	$0
1979	Physical	Other Physical		$0	$0
1979	Physical	Other Tapes		$0	$0
1979	Physical	SACD		$0	$0
1979	Physical	Vinyl Single		$187,429,594	$831,152,148
1979	Physical	Total		$2,126,924,084	$9,431,795,047
1979	Streaming	Free Streaming		$0	$0
1979	Streaming	Other Streaming		$0	$0
1979	Streaming	Paid Subscriptions (Non-Premium)		$0	$0
1979	Streaming	Paid Subscriptions (Premium)		$0	$0
1979	Streaming	Total		$0	$0
1979	Synchronization	Synchronization		$0	$0
1979	Synchronization	Total		$0	$0
1979	Total	Total		$2,126,924,084	$9,431,795,047
1978	Digital Downloads	Download Album		$0	$0
1978	Digital Downloads	Download Music Video		$0	$0
1978	Digital Downloads	Download Single		$0	$0
1978	Digital Downloads	Kiosk		$0	$0
1978	Digital Downloads	Other Digital		$0	$0
1978	Digital Downloads	Ringtones & Ringbacks		$0	$0
1978	Digital Downloads	Total		$0	$0
1978	Physical	8 - Track		$518,556,000	$2,560,513,410
1978	Physical	Cassette		$246,040,600	$1,214,893,388
1978	Physical	Cassette Single		$0	$0
1978	Physical	CD		$0	$0
1978	Physical	CD Single		$0	$0
1978	Physical	DVD Audio		$0	$0
1978	Physical	LP/EP		$1,500,084,934	$7,407,083,497
1978	Physical	Music Video (Physical)		$0	$0
1978	Physical	Other Physical		$0	$0
1978	Physical	Other Tapes		$0	$0
1978	Physical	SACD		$0	$0
1978	Physical	Vinyl Single		$137,974,897	$681,289,143
1978	Physical	Total		$2,402,656,431	$11,863,779,437
1978	Streaming	Free Streaming		$0	$0
1978	Streaming	Other Streaming		$0	$0
1978	Streaming	Paid Subscriptions (Non-Premium)		$0	$0
1978	Streaming	Paid Subscriptions (Premium)		$0	$0
1978	Streaming	Total		$0	$0
1978	Synchronization	Synchronization		$0	$0
1978	Synchronization	Total		$0	$0
1978	Total	Total		$2,402,656,431	$11,863,779,437
1977	Digital Downloads	Download Album		$0	$0
1977	Digital Downloads	Download Music Video		$0	$0
1977	Digital Downloads	Download Single		$0	$0
1977	Digital Downloads	Kiosk		$0	$0
1977	Digital Downloads	Other Digital		$0	$0
1977	Digital Downloads	Ringtones & Ringbacks		$0	$0
1977	Digital Downloads	Total		$0	$0
1977	Physical	8 - Track		$443,617,000	$2,356,755,575
1977	Physical	Cassette		$136,531,200	$725,334,391
1977	Physical	Cassette Single		$0	$0
1977	Physical	CD		$0	$0
1977	Physical	CD Single		$0	$0
1977	Physical	DVD Audio		$0	$0
1977	Physical	LP/EP		$1,331,353,430	$7,072,935,931
1977	Physical	Music Video (Physical)		$0	$0
1977	Physical	Other Physical		$0	$0
1977	Physical	Other Tapes		$0	$0
1977	Physical	SACD		$0	$0
1977	Physical	Vinyl Single		$129,917,968	$690,200,998
1977	Physical	Total		$2,041,419,599	$10,845,226,895
1977	Streaming	Free Streaming		$0	$0
1977	Streaming	Other Streaming		$0	$0
1977	Streaming	Paid Subscriptions (Non-Premium)		$0	$0
1977	Streaming	Paid Subscriptions (Premium)		$0	$0
1977	Streaming	Total		$0	$0
1977	Synchronization	Synchronization		$0	$0
1977	Synchronization	Total		$0	$0
1977	Total	Total		$2,041,419,599	$10,845,226,895
1976	Digital Downloads	Download Album		$0	$0
1976	Digital Downloads	Download Music Video		$0	$0
1976	Digital Downloads	Download Single		$0	$0
1976	Digital Downloads	Kiosk		$0	$0
1976	Digital Downloads	Other Digital		$0	$0
1976	Digital Downloads	Ringtones & Ringbacks		$0	$0
1976	Digital Downloads	Total		$0	$0
1976	Physical	8 - Track		$370,975,400	$2,098,997,069
1976	Physical	Cassette		$79,697,900	$450,934,640
1976	Physical	Cassette Single		$0	$0
1976	Physical	CD		$0	$0
1976	Physical	CD Single		$0	$0
1976	Physical	DVD Audio		$0	$0
1976	Physical	LP/EP		$1,008,628,652	$5,706,870,548
1976	Physical	Music Video (Physical)		$0	$0
1976	Physical	Other Physical		$0	$0
1976	Physical	Other Tapes		$2,789,700	$15,784,260
1976	Physical	SACD		$0	$0
1976	Physical	Vinyl Single		$129,917,968	$735,082,258
1976	Physical	Total		$1,592,009,621	$9,007,668,774
1976	Streaming	Free Streaming		$0	$0
1976	Streaming	Other Streaming		$0	$0
1976	Streaming	Paid Subscriptions (Non-Premium)		$0	$0
1976	Streaming	Paid Subscriptions (Premium)		$0	$0
1976	Streaming	Total		$0	$0
1976	Synchronization	Synchronization		$0	$0
1976	Synchronization	Total		$0	$0
1976	Total	Total		$1,592,009,621	$9,007,668,774
1975	Digital Downloads	Download Album		$0	$0
1975	Digital Downloads	Download Music Video		$0	$0
1975	Digital Downloads	Download Single		$0	$0
1975	Digital Downloads	Kiosk		$0	$0
1975	Digital Downloads	Other Digital		$0	$0
1975	Digital Downloads	Ringtones & Ringbacks		$0	$0
1975	Digital Downloads	Total		$0	$0
1975	Physical	8 - Track		$318,901,000	$1,908,326,109
1975	Physical	Cassette		$54,043,600	$323,400,720
1975	Physical	Cassette Single		$0	$0
1975	Physical	CD		$0	$0
1975	Physical	CD Single		$0	$0
1975	Physical	DVD Audio		$0	$0
1975	Physical	LP/EP		$900,669,602	$5,389,670,516
1975	Physical	Music Video (Physical)		$0	$0
1975	Physical	Other Physical		$0	$0
1975	Physical	Other Tapes		$5,579,400	$33,387,524
1975	Physical	SACD		$0	$0
1975	Physical	Vinyl Single		$112,107,916	$670,861,690
1975	Physical	Total		$1,391,301,519	$8,325,646,558
1975	Streaming	Free Streaming		$0	$0
1975	Streaming	Other Streaming		$0	$0
1975	Streaming	Paid Subscriptions (Non-Premium)		$0	$0
1975	Streaming	Paid Subscriptions (Premium)		$0	$0
1975	Streaming	Total		$0	$0
1975	Synchronization	Synchronization		$0	$0
1975	Synchronization	Total		$0	$0
1975	Total	Total		$1,391,301,519	$8,325,646,558
1974	Digital Downloads	Download Album		$0	$0
1974	Digital Downloads	Download Music Video		$0	$0
1974	Digital Downloads	Download Single		$0	$0
1974	Digital Downloads	Kiosk		$0	$0
1974	Digital Downloads	Other Digital		$0	$0
1974	Digital Downloads	Ringtones & Ringbacks		$0	$0
1974	Digital Downloads	Total		$0	$0
1974	Physical	8 - Track		$300,412,400	$1,961,778,282
1974	Physical	Cassette		$47,698,400	$311,484,097
1974	Physical	Cassette Single		$0	$0
1974	Physical	CD		$0	$0
1974	Physical	CD Single		$0	$0
1974	Physical	DVD Audio		$0	$0
1974	Physical	LP/EP		$822,429,617	$5,370,698,947
1974	Physical	Music Video (Physical)		$0	$0
1974	Physical	Other Physical		$0	$0
1974	Physical	Other Tapes		$7,275,100	$47,508,469
1974	Physical	SACD		$0	$0
1974	Physical	Vinyl Single		$102,831,848	$671,521,167
1974	Physical	Total		$1,280,647,364	$8,362,990,961
1974	Streaming	Free Streaming		$0	$0
1974	Streaming	Other Streaming		$0	$0
1974	Streaming	Paid Subscriptions (Non-Premium)		$0	$0
1974	Streaming	Paid Subscriptions (Premium)		$0	$0
1974	Streaming	Total		$0	$0
1974	Synchronization	Synchronization		$0	$0
1974	Synchronization	Total		$0	$0
1974	Total	Total		$1,280,647,364	$8,362,990,961
1973	Digital Downloads	Download Album		$0	$0
1973	Digital Downloads	Download Music Video		$0	$0
1973	Digital Downloads	Download Single		$0	$0
1973	Digital Downloads	Kiosk		$0	$0
1973	Digital Downloads	Other Digital		$0	$0
1973	Digital Downloads	Ringtones & Ringbacks		$0	$0
1973	Digital Downloads	Total		$0	$0
1973	Physical	8 - Track		$267,483,000	$1,939,510,799
1973	Physical	Cassette		$41,572,000	$301,437,261
1973	Physical	Cassette Single		$0	$0
1973	Physical	CD		$0	$0
1973	Physical	CD Single		$0	$0
1973	Physical	DVD Audio		$0	$0
1973	Physical	LP/EP		$755,713,350	$5,479,653,671
1973	Physical	Music Video (Physical)		$0	$0
1973	Physical	Other Physical		$0	$0
1973	Physical	Other Tapes		$8,533,200	$61,873,964
1973	Physical	SACD		$0	$0
1973	Physical	Vinyl Single		$100,711,603	$730,256,660
1973	Physical	Total		$1,174,013,153	$8,512,732,355
1973	Streaming	Free Streaming		$0	$0
1973	Streaming	Other Streaming		$0	$0
1973	Streaming	Paid Subscriptions (Non-Premium)		$0	$0
1973	Streaming	Paid Subscriptions (Premium)		$0	$0
1973	Streaming	Total		$0	$0
1973	Synchronization	Synchronization		$0	$0
1973	Synchronization	Total		$0	$0
1973	Total	Total		$1,174,013,153	$8,512,732,355
Total	Total	Total		$284,050,890,850	$534,934,907,924
